<?xml version="1.0" encoding="UTF-8"?>
<Request>
    <NewOrder>
        <OrbitalConnectionUsername>TESTUSER123</OrbitalConnectionUsername>
        <OrbitalConnectionPassword>abcd1234</OrbitalConnectionPassword>
        <IndustryType>EC</IndustryType>
        <MessageType>R</MessageType>
        <BIN>000001</BIN>
        <MerchantID>123456</MerchantID>
        <TerminalID>001</TerminalID>
        <CardBrand>DP</CardBrand>  DP=PINless Debit
        <AccountNum>9409400000000000</AccountNum>
        <Exp>0112</Exp>
        <CurrencyCode>840</CurrencyCode>
        <CurrencyExponent>2</CurrencyExponent>
        <AVSzip>25541</AVSzip>
        <AVSaddress1>123 Test Street</AVSaddress1>
        <AVSaddress2>Suite 350</AVSaddress2>
        <AVScity>Test City</AVScity>
        <AVSstate>FL</AVSstate>
        <AVSphoneNum>8004564512</AVSphoneNum>
        <AVSname>TestMerchant</AVSname>
        <AVScountryCode>US</AVScountryCode>
        <OrderID>TestOrder458467</OrderID>  no spaces in PINless Debit Order ID
        <Amount>2500</Amount>
        <BillerReferenceNumber>Testbiller12355</BillerReferenceNumber>  required for PINless
    </NewOrder>
</Request>

<?php    
    /* create a dom document with encoding utf8 */
    $domtree = new DOMDocument('1.0', 'UTF-8');

    /* create the root element of the xml tree */
    $xmlRoot = $domtree->createElement("Request");
    /* append it to the document created */
    $xmlRoot = $domtree->appendChild($xmlRoot);

    $NewOrder = $domtree->createElement("NewOrder");
    $current->appendChild($domtree->createElement('OrbitalConnectionUsername','song1.mp3'));
    $currentTrack->appendChild($domtree->createElement('title','title of song1.mp3')



    /* you should enclose the following two lines in a cicle */
    $currentTrack->appendChild($domtree->createElement('path','song1.mp3'));
    $currentTrack->appendChild($domtree->createElement('title','title of song1.mp3'));

    $currentTrack->appendChild($domtree->createElement('path','song2.mp3'));
    $currentTrack->appendChild($domtree->createElement('title','title of song2.mp3'));

    /* get the xml printed */
    echo $domtree->saveXML();
?>