<?xml version="1.0" encoding="UTF-8"?>
<project-private xmlns="http://www.netbeans.org/ns/project-private/1">
    <editor-bookmarks xmlns="http://www.netbeans.org/ns/editor-bookmarks/2" lastBookmarkId="0"/>
    <open-files xmlns="http://www.netbeans.org/ns/projectui-open-files/2">
        <group>
            <file>file:/C:/xampp/htdocs/admin/bulk_upload.php</file>
            <file>file:/C:/xampp/htdocs/admin/Services/bulk_upload.php</file>
            <file>file:/C:/xampp/htdocs/memb.php</file>
            <file>file:/C:/xampp/htdocs/process.php</file>
            <file>file:/C:/xampp/htdocs/config.php</file>
            <file>file:/C:/xampp/htdocs/IB-connect.php</file>
            <file>file:/C:/xampp/htdocs/page/IB-connect.php</file>
            <file>file:/C:/xampp/htdocs/include/header.php</file>
            <file>file:/C:/xampp/htdocs/page/memberscreen_change.php</file>
            <file>file:/C:/xampp/htdocs/base.php</file>
        </group>
    </open-files>
</project-private>
